Year,Title_anger_Proportion,Title_anticipation_Proportion,Title_disgust_Proportion,Title_fear_Proportion,Title_joy_Proportion,Title_sadness_Proportion,Title_surprise_Proportion,Title_trust_Proportion,Content_anger_Proportion,Content_anticipation_Proportion,Content_disgust_Proportion,Content_fear_Proportion,Content_joy_Proportion,Content_sadness_Proportion,Content_surprise_Proportion,Content_trust_Proportion
2024,0.024483300264550267,0.05550257034632034,0.01042906746031746,0.027303165584415586,0.030412006974506977,0.01851025132275132,0.025084175084175084,0.10458491161616161,0.032639665337079495,0.05139877792133263,0.01183070579784537,0.03316670198562114,0.028127943936983202,0.024566736547841538,0.018603447252810077,0.08541323503705034
