Year,Keyword_Flag_Proportion,Articles
Jun-23,0.384615385,38.46
Jul-23,0.481481481,48.15
Aug-23,0.625,62.5
Sep-23,0.210526316,21.05
Oct-23,0.537634409,53.76
Nov-23,0.433333333,43.33
Dec-23,0.454545455,45.45
Jan-24,0.418604651,41.86
Feb-24,0.5,50
Mar-24,0.538461538,53.85
Apr-24,0.567901235,56.79
May-24,0.515384615,51.54
Jun-24,0.578947368,57.89
