Year,Keyword_Flag_Proportion
2018,0.2878133102852204
2019,0.32432432432432434
2020,0.3194578896418199
2021,0.3485714285714286
2022,0.391304347826087
2023,0.4371029224904701
2024,0.5020080321285141
