Month,Keyword_Flag_Proportion
1,0.34061990527073055
2,0.42610989125619064
3,0.3439952215655295
4,0.3406634596569638
5,0.39749518544085605
6,0.3812801741863526
7,0.30848398953845496
8,0.4195253593945561
9,0.3105161376831244
10,0.3710081081732696
11,0.3374363911298002
12,0.2593224375784788
